{
    "accuracies": 2.0412649296329847e-05,
    "losses": 49.77950461931128,
    "lr": 8.981178609607019,
    "step": 149
}
