{
    "accuracies": 6.725432979980341e-05,
    "losses": 47.75829871096201,
    "step": 1
}
