{
    "train": {
        "loss": 0.029264942911239173,
        "accuracy": 4.360667276159802e-07
    },
    "validation": {
        "loss": 9.970145038096234e-05,
        "accuracy": 3.924899631076389e-07,
        "dice": 0.47756698727607727,
        "iou": 0.3136867880821228
    },
    "step": 0
}
