{
    "accuracies": 5.674958443687407e-05,
    "losses": 48.9945314876997,
    "lr": 0.0031622776601683794,
    "step": 1
}
