{
    "accuracies": 2.533476725664888e-05,
    "losses": 49.285725766555124,
    "lr": 9.178378377150084,
    "step": 187
}
