{
    "accuracies": 0.0,
    "losses": 48.87986202732576,
    "lr": 1.9952623149688797,
    "step": 9
}
