{
    "train": {
        "loss": 0.5316173583269119,
        "accuracy": 0.813357747552062
    },
    "validation": {
        "loss": 0.5330434143543243,
        "accuracy": 0.816643580831643,
        "dice": 0.9574356079101562,
        "iou": 0.0
    },
    "step": 4
}
