{
    "accuracies": 1.8089181504188346e-05,
    "losses": 48.18494032224375,
    "lr": 8.981178609607019,
    "step": 149
}
