step	accuracies
0	3.1185150874080136e-05
1	5.674958443687407e-05
