step	accuracies
0	0.0001331329403910786
1	6.725432979980341e-05
