step	losses
0	52.49150848388672
1	49.10529373398974
2	47.969253332228625
3	49.10934997298312
4	49.793429612770424
5	50.24267667121843
6	50.53164716374187
7	49.87450952797333
8	49.337931992417325
9	48.87986202732576
