step	losses
0	49.82551574707031
1	47.75829871096201
