step	losses
0	48.104209899902344
1	48.9945314876997
