step	lr
0	1e-06
1	5.0118723362727224e-06
2	2.5118864315095798e-05
3	0.00012589254117941672
4	0.0006309573444801932
5	0.003162277660168379
6	0.015848931924611134
7	0.07943282347242815
8	0.39810717055349726
9	1.9952623149688797
