step	accuracy
0	0.4835244051615397
1	0.728257668111193
2	0.7807209843700111
3	0.8020596623919135
4	0.813357747552062
