step	loss
0	0.6762039363384247
1	0.5702069401741028
2	0.5188303738832474
3	0.5366243720054626
4	0.5316173583269119
